{"cameraMode":{"drawMode":0,"name":"Shaded","section":"Shading Mode"},"sceneLighting":true,"audioPlay":false,"sceneViewState":{"showFog":true,"showMaterialUpdate":false,"showSkybox":true,"showFlares":true,"showImageEffects":true,"showParticleSystems":true},"in2DMode":false,"pivot":{"x":-16.310659408569337,"y":4.68789005279541,"z":13.260798454284668},"rotation":{"x":-0.21219001710414887,"y":0.28591012954711916,"z":-0.06507989764213562,"w":-0.9321989417076111},"size":29.489797592163087,"orthographic":false}